{
    "metadata": {
        "faces": 70,
        "version": 3,
        "normals": 31,
        "type": "Geometry",
        "generator": "io_three",
        "vertices": 72,
        "uvs": 0
    },
    "faces": [33,27,31,46,47,0,1,2,3,33,10,7,65,64,4,5,6,7,33,12,14,5,1,8,9,10,11,33,9,11,6,2,12,13,14,14,33,24,25,7,3,15,16,5,5,33,10,8,3,7,4,17,5,5,33,20,18,8,10,18,19,17,4,33,19,21,11,9,20,21,13,12,33,23,16,11,21,22,9,13,21,33,22,19,9,17,23,20,12,24,33,31,22,17,26,1,23,24,25,33,30,29,16,23,22,9,9,22,33,2,6,15,13,14,14,16,26,33,27,28,14,12,0,9,9,8,33,7,25,68,65,5,16,27,6,33,26,17,13,24,25,24,26,15,33,28,30,23,14,9,22,22,9,33,27,12,22,31,0,8,23,1,33,12,1,33,32,8,11,3,11,33,14,23,21,5,9,22,21,10,33,1,5,21,19,11,10,21,20,33,4,0,18,20,7,28,19,18,33,22,12,32,45,23,8,11,14,33,4,20,30,28,7,18,22,9,33,2,13,40,37,14,26,14,2,33,16,29,71,69,9,9,9,9,33,0,4,28,27,28,7,9,0,33,20,10,29,30,18,4,9,22,33,18,31,26,8,19,1,25,17,33,13,15,25,24,26,16,16,15,33,33,44,60,49,3,2,29,29,33,35,34,50,51,14,11,29,29,33,43,42,58,59,14,11,29,29,33,39,38,54,55,3,2,29,29,33,3,8,34,35,5,17,11,14,33,13,17,41,40,26,24,11,14,33,31,18,43,46,1,19,14,2,33,26,24,38,39,25,15,2,3,33,18,0,42,43,19,28,11,14,33,0,27,47,42,28,0,3,11,33,17,9,36,41,24,12,3,11,33,9,2,37,36,12,14,2,3,33,19,22,45,44,20,23,14,2,33,1,19,44,33,11,20,2,3,33,8,26,39,34,17,25,3,11,33,24,3,35,38,15,5,14,2,33,57,52,53,56,29,29,29,29,33,48,49,60,61,29,29,29,29,33,58,63,62,59,29,29,29,29,33,50,55,54,51,29,29,29,29,33,36,37,53,52,3,2,29,29,33,45,32,48,61,14,11,29,29,33,38,35,51,54,2,14,29,29,33,46,43,59,62,2,14,29,29,33,34,39,55,50,11,3,29,29,33,44,45,61,60,2,14,29,29,33,37,40,56,53,2,14,29,29,33,42,47,63,58,11,3,29,29,33,41,36,52,57,11,3,29,29,33,47,46,62,63,3,2,29,29,33,40,41,57,56,14,11,29,29,33,32,33,49,48,11,3,29,29,33,69,70,67,66,9,27,30,10,33,71,68,70,69,9,27,27,9,33,64,65,68,71,7,6,27,9,33,11,16,69,66,13,9,9,10,33,29,10,64,71,9,4,7,9,33,25,15,70,68,16,16,27,27,33,15,6,67,70,16,14,30,27,33,6,11,66,67,14,13,10,30],
    "name": "CubeGeometry",
    "normals": [0.904508,-0.301492,0.301492,-0.301492,-0.904508,0.301492,-0.316202,0,0.948668,0.316202,0,0.948668,0.301492,0.301492,-0.904508,-0.707083,0,-0.707083,-0.577349,0.577349,-0.577349,0.577349,0.577349,-0.577349,0.904508,-0.301492,-0.301492,0.707083,0.707083,0,0.577349,0.577349,0.577349,0.707083,0,0.707083,0.301492,-0.301492,0.904508,0.301492,0.301492,0.904508,-0.707083,0,0.707083,-0.904508,-0.301492,0.301492,-1,0,0,0.301492,-0.301492,-0.904508,0,0.707083,-0.707083,-0.301492,-0.301492,-0.904508,-0.301492,-0.301492,0.904508,0,0.707083,0.707083,0,1,0,-0.301492,-0.904508,-0.301492,0.301492,-0.904508,-0.301492,0.301492,-0.904508,0.301492,-0.904508,-0.301492,-0.301492,-0.707083,0.707083,0,0.707083,0,-0.707083,0,-0.447188,0.894406,-0.577349,0.577349,0.577349],
    "vertices": [1,-0.210352,-1,1,-0.210352,1,-1,-0.210352,1,-1,-0.210352,-1,1,0.210352,-0.999999,0.999999,0.210352,1,-1,0.210352,1,-1,0.210352,-1,-0.836,-0.210352,-1,-0.836,-0.210352,1,-0.836,0.210352,-1,-0.836,0.210352,1,1,-0.210352,0.870706,-1,-0.210352,0.870706,0.999999,0.210352,0.870707,-1,0.210352,0.870706,-0.836,0.210352,0.870706,-0.836,-0.210352,0.870706,0.859694,-0.210352,-1,0.859694,-0.210352,1,0.859695,0.210352,-1,0.859694,0.210352,1,0.859694,-0.210352,0.870706,0.859694,0.210352,0.870707,-1,-0.210352,-0.838733,-1,0.210352,-0.838732,-0.836,-0.210352,-0.838733,1,-0.210352,-0.838732,1,0.210352,-0.838732,-0.836,0.210352,-0.838732,0.859695,0.210352,-0.838732,0.859694,-0.210352,-0.838732,1,-2.22354,0.870706,1,-2.22354,1,-0.836,-2.22354,-1,-1,-2.22354,-1,-0.836,-2.22354,1,-1,-2.22354,1,-1,-2.22354,-0.838732,-0.836,-2.22354,-0.838732,-1,-2.22354,0.870706,-0.836,-2.22354,0.870706,1,-2.22354,-1,0.859694,-2.22354,-1,0.859694,-2.22354,1,0.859694,-2.22354,0.870706,0.859694,-2.22354,-0.838732,1,-2.22354,-0.838732,1,-2.22354,0.870706,1,-2.22354,1,-0.836,-2.22354,-1,-1,-2.22354,-1,-0.836,-2.22354,1,-1,-2.22354,1,-1,-2.22354,-0.838732,-0.836,-2.22354,-0.838732,-1,-2.22354,0.870706,-0.836,-2.22354,0.870706,1,-2.22354,-1,0.859694,-2.22354,-1,0.859694,-2.22354,1,0.859694,-2.22354,0.870706,0.859694,-2.22354,-0.838732,1,-2.22354,-0.838732,-0.836,2.57266,-1,-1,2.57266,-1,-0.836,2.57266,1,-1,2.57266,1,-1,2.57266,-0.838732,-0.836,2.57266,0.870706,-1,2.57266,0.870706,-0.836,2.57266,-0.838732],
    "uvs": []
}